BL_ID,PAYMENT_ID,PMNT_AMT,GROSS_AMT,NET_AMT,RCPNT_ID,RCPNT_NAME,RECIPIENT_CODE,BANK_ACC_NO,BANK_NAME,IFSC_CODE
1412825375,E562A190215000027,2540,13040,13040,1264459172,"PRADEEP A",2100169948,54040035503,"STATE BANK OF INDIA",SBIN0040086
1412825375,E562A200215000002,3900,13040,13040,1268871498,"MUSTAFA N",3000177578,64184698814,"STATE BANK OF INDIA",SBIN0040405
1412825375,E571A260918000013,6600,13040,13040,1269902785,"SRILAKSHMIRANGANATHASWAMY TRANSPORT",3000178316,64204633708,"STATE BANK OF INDIA",SBIN0040096
1412825599,E571A260918000014,2500,5300,5300,1264779293,LAKSHMIKANTHAV,2100170749,3553100000000,"CANARA BANK",CNRB0003553
1412825599,E571A260918000015,2800,5300,5300,1264779222,SANDEEPS,2100169959,4773100000000,"CANARA BANK",CNRB0003443
1412825785,E571A260918000016,350,1550,1550,1264779229,MADHUM,3000177588,5993100000000,"CANARA BANK",CNRB0003666
1412825785,E571A260918000017,1200,1550,1550,1264779288,"KULKARNI SINGH",3000178326,154040000000,"BANK OF BARODA",BARB0ARWALX
1412825680,E571A260918000018,100,500,500,1264779273,"MAHALAKSHM IIYER",2100170755,264040000000,"BANK OF BARODA",BARB0ARWALY
1412825680,E571A260918000029,400,500,500,1264779100,"PRAKHAR SRIVASTAVA",2100169448,714040000000,"BANK OF BARODA",BARB0ARWALZ
1412825937,E571A260918000031,650,15900,15900,1264779225,"KUSHAGRA TIWARI",3000177018,82204633998,"STATE BANK OF INDIA",SBIN0040077
1412825937,E571A260918000035,15250,15900,15900,1264779249,"ROHIT SINGH",3000178006,95184698822,"STATE BANK OF INDIA",SBIN0040098
